{"cameraMode":{"drawMode":0,"name":"Shaded","section":"Shading Mode"},"sceneLighting":true,"audioPlay":false,"sceneViewState":{"showFog":true,"showMaterialUpdate":false,"showSkybox":true,"showFlares":true,"showImageEffects":true,"showParticleSystems":true},"in2DMode":false,"pivot":{"x":0.7719879150390625,"y":1.2409582138061524,"z":-1.2578582763671876},"rotation":{"x":-0.00023824404343031347,"y":0.9968370795249939,"z":-0.0794159471988678,"w":-0.002990530338138342},"size":0.2647472023963928,"orthographic":false}