{"cameraMode":{"drawMode":0,"name":"Shaded","section":"Shading Mode"},"sceneLighting":true,"audioPlay":false,"sceneViewState":{"showFog":true,"showMaterialUpdate":false,"showSkybox":true,"showFlares":true,"showImageEffects":true,"showParticleSystems":true},"in2DMode":false,"pivot":{"x":0.1929951012134552,"y":0.8503955602645874,"z":-0.7304946780204773},"rotation":{"x":-0.012713126838207245,"y":0.9822410345077515,"z":-0.07232502847909928,"w":-0.17265604436397553},"size":3.244819402694702,"orthographic":false}