{"cameraMode":{"drawMode":0,"name":"Shaded","section":"Shading Mode"},"sceneLighting":false,"audioPlay":false,"sceneViewState":{"showFog":true,"showMaterialUpdate":false,"showSkybox":true,"showFlares":true,"showImageEffects":true,"showParticleSystems":true},"in2DMode":false,"pivot":{"x":-0.006142953410744667,"y":-0.02848539873957634,"z":0.005897209979593754},"rotation":{"x":-0.0007524748798459768,"y":0.9949262142181397,"z":-0.10032811760902405,"w":-0.007462090812623501},"size":0.9345142245292664,"orthographic":false}