{"cameraMode":{"drawMode":0,"name":"Shaded","section":"Shading Mode"},"sceneLighting":false,"audioPlay":false,"sceneViewState":{"showFog":true,"showMaterialUpdate":false,"showSkybox":true,"showFlares":true,"showImageEffects":true,"showParticleSystems":true},"in2DMode":false,"pivot":{"x":0.5863132476806641,"y":0.5328513979911804,"z":0.46579602360725405},"rotation":{"x":-0.008791463449597359,"y":-0.9597740173339844,"z":0.030242934823036195,"w":-0.27900174260139468},"size":0.1343843936920166,"orthographic":false}